Date,Views
2025-02-27,49
2025-02-28,26
2025-03-01,22
2025-03-02,22
2025-03-03,21
2025-03-04,14
2025-03-05,18
2025-03-06,50
2025-03-07,1067
2025-03-08,4410
2025-03-09,3091
2025-03-10,3371
2025-03-11,4795
2025-03-12,3477
2025-03-13,3812
2025-03-14,20464
2025-03-15,4124
2025-03-16,1888
2025-03-17,28907
2025-03-18,8687
2025-03-19,4088
2025-03-20,4840
2025-03-21,3119
2025-03-22,4114
2025-03-23,20862
2025-03-24,19985
2025-03-25,5537
2025-03-26,2069
2025-03-27,2266
2025-03-28,2966
2025-03-29,4623
2025-03-30,4217
2025-03-31,10018
2025-04-01,2966
2025-04-02,1309
2025-04-03,1134
2025-04-04,2053
2025-04-05,7905
2025-04-06,14503
2025-04-07,8458
2025-04-08,5662
2025-04-09,7062
2025-04-10,4093
2025-04-11,1847
2025-04-12,2170
2025-04-13,2616
2025-04-14,1217
2025-04-15,637
2025-04-16,324
2025-04-17,119
2025-04-18,148
2025-04-19,187
2025-04-20,193
2025-04-21,138
2025-04-22,116
2025-04-23,255
2025-04-24,108
2025-04-25,180
2025-04-26,119
2025-04-27,91
2025-04-28,86
2025-04-29,99
2025-04-30,91
2025-05-01,121
2025-05-02,106
2025-05-03,120
2025-05-04,154
2025-05-05,139
2025-05-06,128
2025-05-07,140
2025-05-08,97
2025-05-09,111
2025-05-10,62
2025-05-11,96
2025-05-12,44
2025-05-13,66
2025-05-14,85
2025-05-15,84
2025-05-16,74
2025-05-17,151
2025-05-18,78
2025-05-19,65
2025-05-20,92
2025-05-21,40
2025-05-22,103
2025-05-23,371
2025-05-24,798
2025-05-25,2623
2025-05-26,6704
2025-05-27,9689
